{
	"country_code": "CN",
	"parents": [
		"CN",
		"Shaanxi Sheng",
		"Yan'an Shi"
	],
	"locale": "zh-Hans",
	"subdivisions": {
		"Ansai Xian": {
			"local_code": "安塞县"
		},
		"Baota Qu": {
			"local_code": "宝塔区"
		},
		"Fu Xian": {
			"local_code": "富县"
		},
		"Ganquan Xian": {
			"local_code": "甘泉县"
		},
		"Huangling Xian": {
			"local_code": "黄陵县"
		},
		"Huanglong Xian": {
			"local_code": "黄龙县"
		},
		"Luochuan Xian": {
			"local_code": "洛川县"
		},
		"Wuqi Xian": {
			"local_code": "吴起县"
		},
		"Yanchuan Xian": {
			"local_code": "延川县"
		},
		"Yanzhang Xian": {
			"local_code": "延长县"
		},
		"Yichuan Xian": {
			"local_code": "宜川县"
		},
		"Zhidan Xian": {
			"local_code": "志丹县"
		},
		"Zichang Xian": {
			"local_code": "子长县"
		}
	}
}