{
	"AZN": {
		"name": "ադրբեջանական մանաթ"
	},
	"ALL": {
		"name": "ալբանական լեկ"
	},
	"DZD": {
		"name": "ալժիրական դինար"
	},
	"USD": {
		"name": "ԱՄՆ դոլար",
		"symbol": "$"
	},
	"AOA": {
		"name": "անգոլական կվանզա"
	},
	"AUD": {
		"name": "ավստրալիական դոլար",
		"symbol": "A$"
	},
	"AED": {
		"name": "Արաբական Միացյալ Էմիրությունների դիրհամ"
	},
	"ARS": {
		"name": "արգենտինական պեսո"
	},
	"AWG": {
		"name": "արուբական ֆլորին"
	},
	"XCD": {
		"name": "արևելակարիբյան դոլար",
		"symbol": "EC$"
	},
	"XOF": {
		"name": "Արևմտյան Աֆրիկայի ԿՖԱ ֆրանկ",
		"symbol": "F CFA"
	},
	"AFN": {
		"name": "աֆղանական աֆղանի"
	},
	"BSD": {
		"name": "բահամյան դոլար"
	},
	"BHD": {
		"name": "Բահրեյնի դինար"
	},
	"BDT": {
		"name": "Բանգլադեշի տակա"
	},
	"BBD": {
		"name": "բարբադոսյան դոլար"
	},
	"BYN": {
		"name": "բելառուսական ռուբլի"
	},
	"BZD": {
		"name": "Բելիզի դոլար"
	},
	"BMD": {
		"name": "բերմուդյան դոլար"
	},
	"BWP": {
		"name": "բոթսվանական պուլա"
	},
	"BOB": {
		"name": "բոլիվիական բոլիվիանո"
	},
	"BAM": {
		"name": "Բոսնիա և Հերցեգովինայի փոխարկվող մարկ"
	},
	"BTN": {
		"name": "բութանական նգուլտրում"
	},
	"BGN": {
		"name": "բուլղարական լև"
	},
	"BIF": {
		"name": "բուրունդիական ֆրանկ"
	},
	"BRL": {
		"name": "բրազիլական ռեալ",
		"symbol": "R$"
	},
	"GBP": {
		"name": "բրիտանական ֆունտ ստերլինգ",
		"symbol": "£"
	},
	"BND": {
		"name": "Բրունեյի դոլար"
	},
	"GMD": {
		"name": "գամբիական դալասի"
	},
	"GYD": {
		"name": "գայանական դոլար"
	},
	"GHS": {
		"name": "գայանական սեդի"
	},
	"GTQ": {
		"name": "գվատեմալական կետսալ"
	},
	"GNF": {
		"name": "գվինեական ֆրանկ"
	},
	"DKK": {
		"name": "դանիական կրոն"
	},
	"DOP": {
		"name": "դոմինիկյան պեսո"
	},
	"EGP": {
		"name": "եգիպտական ֆունտ"
	},
	"ETB": {
		"name": "եթովպիական բիր"
	},
	"YER": {
		"name": "եմենական ռիալ"
	},
	"EUR": {
		"name": "եվրո",
		"symbol": "€"
	},
	"ZMW": {
		"name": "զամբիական կվաչա"
	},
	"ERN": {
		"name": "էրիթրեական նակվա"
	},
	"THB": {
		"name": "թայլանդական բատ",
		"symbol": "฿"
	},
	"TWD": {
		"name": "թայվանական նոր դոլար",
		"symbol": "NT$"
	},
	"TND": {
		"name": "թունիսյան դինար"
	},
	"TRY": {
		"name": "թուրքական լիրա"
	},
	"TMT": {
		"name": "թուրքմենական մանաթ"
	},
	"IDR": {
		"name": "ինդոնեզիական ռուփի"
	},
	"ISK": {
		"name": "իսլանդական կրոն"
	},
	"ILS": {
		"name": "Իսրայելի նոր շեկել",
		"symbol": "₪"
	},
	"IRR": {
		"name": "իրանական ռիալ"
	},
	"IQD": {
		"name": "իրաքյան դինար"
	},
	"LAK": {
		"name": "լաոսական կիպ"
	},
	"PLN": {
		"name": "լեհական զլոտի"
	},
	"LBP": {
		"name": "լիբանանյան ֆունտ"
	},
	"LRD": {
		"name": "լիբերիական դոլար"
	},
	"LYD": {
		"name": "լիբիական դինար"
	},
	"HRK": {
		"name": "խորվաթական կունա"
	},
	"CVE": {
		"name": "Կաբո Վերդեի էսկուդո"
	},
	"KHR": {
		"name": "կամբոջական ռիել"
	},
	"KYD": {
		"name": "Կայմանյան կղզիների դոլար"
	},
	"CAD": {
		"name": "կանադական դոլար",
		"symbol": "CA$"
	},
	"QAR": {
		"name": "Կատարի ռիալ"
	},
	"XAF": {
		"name": "Կենտրոնական Աֆրիկայի ԿՖԱ ֆրանկ",
		"symbol": "FCFA"
	},
	"COP": {
		"name": "կոլումբիական պեսո"
	},
	"KMF": {
		"name": "կոմորյան ֆրանկ"
	},
	"CDF": {
		"name": "Կոնգոյի ֆրանկ"
	},
	"CRC": {
		"name": "Կոստա Ռիկայի կոլոն"
	},
	"CUP": {
		"name": "կուբայական պեսո"
	},
	"CUC": {
		"name": "կուբայական փոխարկվող պեսո"
	},
	"XPF": {
		"name": "ԿՊՖ ֆրանկ",
		"symbol": "CFPF"
	},
	"HTG": {
		"name": "հայիթյան գուրդ"
	},
	"AMD": {
		"name": "հայկական դրամ",
		"symbol": "֏"
	},
	"ZAR": {
		"name": "հարավաֆրիկյան ռանդ"
	},
	"KRW": {
		"name": "հարավկորեական վոն",
		"symbol": "₩"
	},
	"SSP": {
		"name": "հարավսուդանական ֆունտ"
	},
	"KPW": {
		"name": "հյուսիսկորեական վոն"
	},
	"INR": {
		"name": "հնդկական ռուփի",
		"symbol": "₹"
	},
	"HNL": {
		"name": "հոնդուրասական լեմպիրա"
	},
	"HKD": {
		"name": "Հոնկոնգի դոլար",
		"symbol": "HK$"
	},
	"JOD": {
		"name": "հորդանանյան դինար"
	},
	"HUF": {
		"name": "հունգարական ֆորինտ"
	},
	"KZT": {
		"name": "ղազախական տենգե"
	},
	"KGS": {
		"name": "ղրղզական սոմ"
	},
	"JMD": {
		"name": "Ճամայկայի դոլար"
	},
	"JPY": {
		"name": "ճապոնական իեն",
		"symbol": "JP¥"
	},
	"MGA": {
		"name": "Մադագասկարի արիարի"
	},
	"MYR": {
		"name": "մալայզիական ռինգիտ"
	},
	"MWK": {
		"name": "մալավիական կվաչա"
	},
	"MVR": {
		"name": "մալդիվյան ռուֆիյա"
	},
	"MOP": {
		"name": "Մակաոյի պատակա"
	},
	"MKD": {
		"name": "մակեդոնական դենար"
	},
	"MUR": {
		"name": "մավրիկյան ռուփի"
	},
	"MRU": {
		"name": "մավրիտանական ուգիյա"
	},
	"MAD": {
		"name": "Մարոկկոյի դիրհամ"
	},
	"MXN": {
		"name": "մեքսիկական պեսո",
		"symbol": "MX$"
	},
	"MMK": {
		"name": "Մյանմայի կյատ"
	},
	"MZN": {
		"name": "մոզամբիկյան մետիկալ"
	},
	"MDL": {
		"name": "մոլդովական լեյ"
	},
	"MNT": {
		"name": "մոնղոլական տուգրիկ"
	},
	"NAD": {
		"name": "նամիբիական դոլար"
	},
	"NPR": {
		"name": "Նեպալի ռուփի"
	},
	"NGN": {
		"name": "նիգերիական նայրա"
	},
	"ANG": {
		"name": "նիդեռլանդական անտիլյան գուլդեն"
	},
	"NIO": {
		"name": "նիկարագուական կորդոբա"
	},
	"NZD": {
		"name": "նորզելանդական դոլար",
		"symbol": "NZ$"
	},
	"NOK": {
		"name": "նորվեգական կրոն"
	},
	"SEK": {
		"name": "շվեդական կրոն"
	},
	"CHF": {
		"name": "շվեյցարական ֆրանկ"
	},
	"LKR": {
		"name": "Շրի Լանկայի ռուփի"
	},
	"UGX": {
		"name": "ուգանդական շիլինգ"
	},
	"UZS": {
		"name": "ուզբեկական սոմ"
	},
	"UAH": {
		"name": "ուկրաինական գրիվնա"
	},
	"UYU": {
		"name": "ուրուգվայական պեսո"
	},
	"CZK": {
		"name": "չեխական կրոն"
	},
	"CLP": {
		"name": "չիլիական պեսո"
	},
	"CNY": {
		"name": "չինական յուան",
		"symbol": "CN¥"
	},
	"PKR": {
		"name": "պակիստանյան ռուփի"
	},
	"PAB": {
		"name": "պանամական բալբոա"
	},
	"PGK": {
		"name": "Պապուա Նոր Գվինեայի կինա"
	},
	"PYG": {
		"name": "պարագվայական գուարանի"
	},
	"PEN": {
		"name": "Պերուի սոլ"
	},
	"DJF": {
		"name": "Ջիբութիի ֆրանկ"
	},
	"GIP": {
		"name": "Ջիբրալթարի ֆունտ"
	},
	"RWF": {
		"name": "ռուանդական ֆրանկ"
	},
	"RON": {
		"name": "ռումինական լեյ"
	},
	"RUB": {
		"name": "ռուսական ռուբլի"
	},
	"WST": {
		"name": "սամոական տալա"
	},
	"STN": {
		"name": "Սան Տոմե և Փրինսիպիի դոբրա"
	},
	"SAR": {
		"name": "Սաուդյան Արաբիայի ռիալ"
	},
	"SCR": {
		"name": "սեյշելյան ռուփի"
	},
	"RSD": {
		"name": "սերբական դինար"
	},
	"SLL": {
		"name": "Սիեռա Լեոնեի լեոնե"
	},
	"SGD": {
		"name": "Սինգապուրի դոլար"
	},
	"SYP": {
		"name": "սիրիական ֆունտ"
	},
	"SBD": {
		"name": "Սողոմոնյան կղզիների դոլար"
	},
	"SOS": {
		"name": "սոմալիական շիլինգ"
	},
	"SDG": {
		"name": "սուդանական ֆունտ"
	},
	"SHP": {
		"name": "Սուրբ Հեղինեի ֆունտ"
	},
	"SRD": {
		"name": "սուրինամական դոլար"
	},
	"SZL": {
		"name": "սվազիլենդական լիլանգենի"
	},
	"VUV": {
		"name": "Վանուատուի վատու"
	},
	"VES": {
		"name": "վենեսուելական բոլիվար"
	},
	"VND": {
		"name": "վիետնամական դոնգ",
		"symbol": "₫"
	},
	"GEL": {
		"name": "վրացական լարի"
	},
	"TZS": {
		"name": "տանզանիական շիլինգ"
	},
	"TJS": {
		"name": "տաջիկական սոմոնի"
	},
	"TOP": {
		"name": "Տոնգայի պաանգա"
	},
	"TTD": {
		"name": "Տրինիդադ և Տոբագոյի դոլար"
	},
	"KES": {
		"name": "քենիական շիլինգ"
	},
	"KWD": {
		"name": "Քուվեյթի դինար"
	},
	"OMR": {
		"name": "Օմանի ռիալ"
	},
	"PHP": {
		"name": "ֆիլիպինյան պեսո"
	},
	"FJD": {
		"name": "ֆիջիական դոլար"
	},
	"FKP": {
		"name": "Ֆոլքլենդյան կղզիների ֆունտ"
	},
	"LSL": {
		"name": "Lesotho Loti"
	},
	"SVC": {
		"name": "Salvadoran Colón"
	},
	"UYW": {
		"name": "Uruguayan Nominal Wage Index Unit"
	},
	"ZWL": {
		"name": "Zimbabwean Dollar (2009)"
	}
}