{
	"AZN": {
		"name": "अजरबैजानी मानात"
	},
	"AFN": {
		"name": "अफ्गान अफ्गानी"
	},
	"USD": {
		"name": "अमेरिकी डलर",
		"symbol": "US$"
	},
	"ARS": {
		"name": "अर्जेन्टिनी पेसो"
	},
	"DZD": {
		"name": "अल्जेरियाली डिनार"
	},
	"ALL": {
		"name": "अल्बानियन लेक"
	},
	"AUD": {
		"name": "अष्ट्रेलियन डलर",
		"symbol": "A$"
	},
	"ISK": {
		"name": "आइसल्याण्डिक क्रोना"
	},
	"AWG": {
		"name": "आरूबन फ्लोरिन"
	},
	"AMD": {
		"name": "आर्मेनियाली ड्राम"
	},
	"ILS": {
		"name": "इजरायली नयाँ शेकेल",
		"symbol": "₪"
	},
	"EGP": {
		"name": "इजिप्सियन पाउन्ड"
	},
	"IDR": {
		"name": "इण्डोनेशियाली रूपियाँ"
	},
	"ETB": {
		"name": "इथियोपियाली बिर"
	},
	"IQD": {
		"name": "इराकी डिनार"
	},
	"IRR": {
		"name": "इरानियाली रियाल"
	},
	"UZS": {
		"name": "उज्बेकिस्तान सोम"
	},
	"KPW": {
		"name": "उत्तर कोरियाली वन"
	},
	"UYU": {
		"name": "उरूगुवायाली पेसो"
	},
	"AOA": {
		"name": "एङ्गोलान क्वान्जा"
	},
	"ERN": {
		"name": "एरिट्रियन नाक्फा"
	},
	"OMR": {
		"name": "ओमनी रियल"
	},
	"CDF": {
		"name": "कङ्गोली फ्रान्क"
	},
	"QAR": {
		"name": "कतारी रियल"
	},
	"KHR": {
		"name": "कम्बोडिनेयाली रियल"
	},
	"KZT": {
		"name": "काजाखस्तानी टेन्ज"
	},
	"KGS": {
		"name": "किर्गिस्तानी सोम"
	},
	"KWD": {
		"name": "कुवेती डिनार"
	},
	"KES": {
		"name": "केन्याली शिलिङ"
	},
	"CVE": {
		"name": "केप भर्डियन एस्कुडो"
	},
	"KYD": {
		"name": "केम्यान टापुहरूका डलर"
	},
	"KMF": {
		"name": "कोमोरियन फ्रान्क"
	},
	"COP": {
		"name": "कोलम्वियन पेसो"
	},
	"CRC": {
		"name": "कोष्टारिकन कोलोन"
	},
	"CAD": {
		"name": "क्यानाडियाली डलर",
		"symbol": "CA$"
	},
	"CUP": {
		"name": "क्यूवाली पेसो"
	},
	"CUC": {
		"name": "क्यूवाली रूपान्तरणयोग्य पेसो"
	},
	"HRK": {
		"name": "क्रोएशियाली कुना"
	},
	"GYD": {
		"name": "गाइनिज डलर"
	},
	"GMD": {
		"name": "गाम्वियाली डालासी"
	},
	"GNF": {
		"name": "गिनियाली फ्रान्क"
	},
	"GTQ": {
		"name": "ग्वाटेमाला क्वेट्जाल"
	},
	"GHS": {
		"name": "घानाली सेडी"
	},
	"CNY": {
		"name": "चिनिँया युआन",
		"symbol": "CN¥"
	},
	"CLP": {
		"name": "चिलियन पेसो"
	},
	"CZK": {
		"name": "चेख गणतञ्त्र कोरूना"
	},
	"JMD": {
		"name": "जमाइकाली डलर"
	},
	"GEL": {
		"name": "जर्जियाली लारी"
	},
	"JPY": {
		"name": "जापानी येन",
		"symbol": "JP¥"
	},
	"ZMW": {
		"name": "जाम्बियाली क्वाचा"
	},
	"DJF": {
		"name": "जिबौंटियाली फ्रान्क"
	},
	"GIP": {
		"name": "जिब्राल्टर पाउण्ड"
	},
	"JOD": {
		"name": "जोर्डानियाली डलर"
	},
	"TOP": {
		"name": "टङ्गन पाङ्गा"
	},
	"TRY": {
		"name": "टर्किश लिरा"
	},
	"TND": {
		"name": "टुनिसियाली डिनार"
	},
	"TMT": {
		"name": "टुर्क्मेनिस्तानी मानात"
	},
	"DOP": {
		"name": "डोमिनिकन पेसो"
	},
	"DKK": {
		"name": "ड्यानिश क्रोन"
	},
	"TJS": {
		"name": "ताजिक्स्तानी सोमोनी"
	},
	"TZS": {
		"name": "ताञ्जानियाली शिलिङ"
	},
	"TTD": {
		"name": "त्रिनिडाड र टोबागो डलर"
	},
	"THB": {
		"name": "थाई भाट",
		"symbol": "฿"
	},
	"ZAR": {
		"name": "दक्षिण अफ्रिकी र्‍यान्ड"
	},
	"KRW": {
		"name": "दक्षिण कोरियाली वन",
		"symbol": "₩"
	},
	"SSP": {
		"name": "दक्षिण सुडानी पाउन्ड"
	},
	"TWD": {
		"name": "नयाँ ताइवान डलर",
		"symbol": "NT$"
	},
	"NOK": {
		"name": "नर्वेजियाली क्रोन"
	},
	"NGN": {
		"name": "नाइजेरियन नाइरा"
	},
	"NAD": {
		"name": "नामिबियन डलर"
	},
	"NIO": {
		"name": "निकारागुवान कोर्डोवा"
	},
	"ANG": {
		"name": "नेदरल्याण्ड्स एन्टिलियन गिल्डर"
	},
	"NPR": {
		"name": "नेपाली रूपैयाँ",
		"symbol": "नेरू"
	},
	"NZD": {
		"name": "न्यूजिल्याण्ड डलर",
		"symbol": "NZ$"
	},
	"PGK": {
		"name": "पपुआ न्यू गिनियाली किना"
	},
	"PKR": {
		"name": "पाकिस्तानी रूपियाँ"
	},
	"PAB": {
		"name": "पानामानियाली बाल्बोआ"
	},
	"PYG": {
		"name": "पारागुयाली गुरानी"
	},
	"XCD": {
		"name": "पूर्वी क्यारिबियन डलर",
		"symbol": "EC$"
	},
	"PEN": {
		"name": "पेरूभियाली सोल"
	},
	"PLN": {
		"name": "पोलिश ज्लोटाई"
	},
	"FKP": {
		"name": "फक्‌ल्याण्ड टापुहरूका पाउन्ड"
	},
	"FJD": {
		"name": "फिजीयाली डलर"
	},
	"PHP": {
		"name": "फिलिपिनी पेसो"
	},
	"BDT": {
		"name": "बङ्गलादेशी टाका"
	},
	"BBD": {
		"name": "बर्बाडियन डलर"
	},
	"BMD": {
		"name": "बर्मुडन डलर"
	},
	"BSD": {
		"name": "बहामियाली डलर"
	},
	"BHD": {
		"name": "बाहारैनी डिनार"
	},
	"BIF": {
		"name": "बुरूण्डियाली फ्रान्क"
	},
	"BGN": {
		"name": "बुल्गारियाली लेभ"
	},
	"GBP": {
		"name": "बेलायती पाउण्ड स्टर्लिङ",
		"symbol": "£"
	},
	"BYN": {
		"name": "बेलारूसी रूबल"
	},
	"BWP": {
		"name": "बोट्सवानान पुला"
	},
	"BOB": {
		"name": "बोलिभियन बोलिभियानो"
	},
	"BAM": {
		"name": "बोस्निया-हर्जगोभिनिया रूपान्तरयोग्य मार्क"
	},
	"BRL": {
		"name": "ब्राजिलियन रियल",
		"symbol": "R$"
	},
	"BND": {
		"name": "ब्रुनाई डलर"
	},
	"VUV": {
		"name": "भानुआतू भातु"
	},
	"INR": {
		"name": "भारतीय रूपिँया",
		"symbol": "₹"
	},
	"VND": {
		"name": "भियतनामी डङ्",
		"symbol": "₫"
	},
	"BTN": {
		"name": "भुटानी एन्‌गुल्ट्रुम"
	},
	"VES": {
		"name": "भेनेजुएलन बोलिभर-2"
	},
	"MNT": {
		"name": "मङ्गोलियाली टुग्रिक"
	},
	"MWK": {
		"name": "मलाविअन क्वाचा"
	},
	"MYR": {
		"name": "मलेशियाली रिङ्गेट"
	},
	"MRU": {
		"name": "माउरिटानियानली औगुइया"
	},
	"MUR": {
		"name": "माउरिटियन रूपी"
	},
	"MOP": {
		"name": "माकानिज पटाका"
	},
	"MVR": {
		"name": "मालडिभियाली रूफियाँ"
	},
	"MGA": {
		"name": "मालागासी एरिआरी"
	},
	"MDL": {
		"name": "माल्डोभन लेउ"
	},
	"MXN": {
		"name": "मेक्सिकन पेसो",
		"symbol": "MX$"
	},
	"MZN": {
		"name": "मोजाम्विकन मेटिकल"
	},
	"MAD": {
		"name": "मोरोक्काली डिर्‌हाम"
	},
	"MMK": {
		"name": "म्यान्मार क्याट"
	},
	"MKD": {
		"name": "म्यासेडोनियाली डेनार"
	},
	"UAH": {
		"name": "युक्रेनी हिर्भिनिया"
	},
	"UGX": {
		"name": "युगाण्डाली शिलिङ"
	},
	"EUR": {
		"name": "युरो",
		"symbol": "€"
	},
	"YER": {
		"name": "येमेनी रियाल"
	},
	"RUB": {
		"name": "रूसी रूबल"
	},
	"RON": {
		"name": "रोमानियाली लेऊ"
	},
	"RWF": {
		"name": "र्‌वाण्डाली फ्रान्क"
	},
	"LAK": {
		"name": "लाओशियन किप"
	},
	"LRD": {
		"name": "लिबेरियाली डलर"
	},
	"LYD": {
		"name": "लिवियाली डिनार"
	},
	"LBP": {
		"name": "लेबनाली पाउन्ड"
	},
	"BZD": {
		"name": "वेलिज डलर"
	},
	"LKR": {
		"name": "श्रीलङ्काली रूपिया"
	},
	"AED": {
		"name": "संयुक्त अरब एमिराट्स डिर्हाम"
	},
	"RSD": {
		"name": "सर्बियाली डिनार"
	},
	"SAR": {
		"name": "साउदी रियालहरू"
	},
	"STN": {
		"name": "साओ टोम र प्रिन्सिप डोब्रा"
	},
	"WST": {
		"name": "सामोआन ताला"
	},
	"SGD": {
		"name": "सिङ्गापुर डलर"
	},
	"SLL": {
		"name": "सियरा लियोनेन लियोन"
	},
	"SYP": {
		"name": "सिरियाली पाउन्ड"
	},
	"XAF": {
		"name": "सीएफ्‌ए फ्रान्क बीइएसी",
		"symbol": "FCFA"
	},
	"XOF": {
		"name": "सीएफ्‌ए फ्रान्क बीसीइएओ",
		"symbol": "F CFA"
	},
	"XPF": {
		"name": "सीएफ्‌पी फ्रान्क",
		"symbol": "CFPF"
	},
	"SDG": {
		"name": "सुडानी पाउन्ड"
	},
	"SRD": {
		"name": "सुरिनामिज डलर"
	},
	"SCR": {
		"name": "सेचेलोइस रूपी"
	},
	"SHP": {
		"name": "सेन्ट हेलेना पाउन्ड"
	},
	"SOS": {
		"name": "सोमाली शिलिङ"
	},
	"SBD": {
		"name": "सोलोमन टापुहरूका डलर"
	},
	"SZL": {
		"name": "स्वाजी लिलान्गेनी"
	},
	"SEK": {
		"name": "स्विडिश क्रोना"
	},
	"CHF": {
		"name": "स्विस् फ्रैङ्क"
	},
	"HKD": {
		"name": "हङकङ डलर",
		"symbol": "HK$"
	},
	"HUF": {
		"name": "हङ्गेरियन फोरिन्ट"
	},
	"HTG": {
		"name": "हैटियाली गुर्ड"
	},
	"HNL": {
		"name": "होन्डुरान लेम्पिरा"
	},
	"LSL": {
		"name": "Lesotho Loti"
	},
	"SVC": {
		"name": "Salvadoran Colón"
	},
	"UYW": {
		"name": "Uruguayan Nominal Wage Index Unit"
	},
	"ZWL": {
		"name": "Zimbabwean Dollar (2009)"
	}
}